hetatm,a,b,c,d,e,x,y,z,f,g,h
HETATM,809,P,PO4,A,106,-49.810,-2.507,-17.593,0.94,64.95,P
HETATM,810,O1,PO4,A,106,-48.495,-2.289,-18.306,1.00,55.57,O
HETATM,811,O2,PO4,A,106,-50.298,-3.632,-18.476,1.00,56.57,O
HETATM,812,CU,CU,A,107,-46.408,22.840,-7.489,0.66,40.41,CU
HETATM,813,ZN,ZN,A,108,-49.810,28.758,-7.406,0.67,58.21,ZN
HETATM,814,CL,CL,A,109,-59.075,14.231,-13.678,1.00,72.19,CL
HETATM,815,C,ACT,A,110,-52.651,-7.006,-6.814,1.00,59.52,C
HETATM,816,O,ACT,A,110,-51.808,-6.948,-7.741,1.00,61.39,O
HETATM,817,OXT,ACT,A,110,-53.196,-8.122,-6.639,1.00,58.49,O
HETATM,818,CH3,ACT,A,110,-52.987,-5.809,-5.968,1.00,51.34,C
HETATM,819,O,HOH,A,111,-52.089,6.771,-12.239,1.00,28.87,O
HETATM,820,O,HOH,A,112,-38.351,12.335,-10.164,1.00,33.99,O
HETATM,821,O,HOH,A,113,-46.513,1.857,0.670,1.00,32.63,O
HETATM,822,O,HOH,A,114,-36.294,4.974,0.754,1.00,37.32,O
HETATM,823,O,HOH,A,115,-49.050,-2.422,-5.798,1.00,40.15,O
HETATM,824,O,HOH,A,116,-47.091,18.103,9.083,1.00,42.66,O
HETATM,825,O,HOH,A,117,-57.152,17.619,-10.968,1.00,51.88,O
HETATM,826,O,HOH,A,118,-50.751,20.077,3.859,1.00,39.39,O
HETATM,827,O,HOH,A,119,-54.630,16.715,-4.586,1.00,41.26,O
HETATM,828,O,HOH,A,120,-42.757,20.001,9.114,1.00,44.32,O
HETATM,829,O,HOH,A,121,-55.606,18.507,-13.677,1.00,47.83,O
HETATM,830,O,HOH,A,122,-42.000,-5.563,-11.761,1.00,39.81,O
HETATM,831,O,HOH,A,123,-37.459,1.723,0.145,1.00,37.11,O
HETATM,832,O,HOH,A,124,-55.937,10.275,-6.183,1.00,40.55,O
HETATM,833,O,HOH,A,125,-50.638,1.151,-15.857,1.00,44.07,O
HETATM,834,O,HOH,A,126,-52.733,19.449,-13.679,1.00,33.83,O
HETATM,835,O,HOH,A,127,-55.002,13.022,1.232,1.00,46.61,O
HETATM,836,O,HOH,A,128,-40.684,18.634,9.983,1.00,43.49,O
HETATM,837,O,HOH,A,129,-52.026,2.213,-1.265,1.00,38.96,O
HETATM,838,O,HOH,A,130,-55.286,13.391,-14.107,1.00,39.57,O
HETATM,839,O,HOH,A,131,-33.438,12.368,-5.258,1.00,47.05,O
HETATM,840,O,HOH,A,132,-37.721,0.027,-15.881,1.00,42.75,O
HETATM,841,O,HOH,A,133,-54.388,11.791,-2.547,1.00,44.26,O
HETATM,842,O,HOH,A,134,-45.294,-0.821,-15.999,1.00,44.16,O
HETATM,843,O,HOH,A,135,-47.442,8.754,1.712,1.00,28.73,O
HETATM,844,O,HOH,A,136,-38.317,7.539,0.868,1.00,31.41,O
HETATM,845,O,HOH,A,137,-51.808,2.449,-18.895,1.00,34.84,O
HETATM,846,O,HOH,A,138,-52.741,10.154,-0.740,1.00,34.12,O
HETATM,847,O,HOH,A,139,-44.537,2.142,-17.274,1.00,37.85,O
HETATM,848,O,HOH,A,140,-45.248,19.529,9.654,1.00,46.44,O
HETATM,849,O,HOH,A,141,-38.239,5.001,2.855,1.00,40.15,O
HETATM,850,O,HOH,A,142,-36.823,-2.405,-2.854,1.00,45.09,O
HETATM,851,O,HOH,A,143,-42.024,7.392,4.347,1.00,37.29,O
HETATM,852,O,HOH,A,144,-50.807,-3.616,-11.737,1.00,53.09,O
HETATM,853,O,HOH,A,145,-39.661,-6.528,-12.351,1.00,48.39,O
HETATM,854,O,HOH,A,146,-37.440,4.958,-19.055,1.00,45.97,O
HETATM,855,O,HOH,A,147,-52.128,20.005,7.873,1.00,53.47,O
HETATM,856,O,HOH,A,148,-52.175,-1.218,-12.914,1.00,51.13,O
HETATM,857,O,HOH,A,149,-40.897,18.765,12.782,1.00,50.45,O
HETATM,858,O,HOH,A,150,-32.574,13.323,-12.231,1.00,50.83,O
HETATM,859,O,HOH,A,151,-40.547,13.887,-17.355,1.00,52.90,O
HETATM,860,O,HOH,A,152,-55.379,6.143,-7.414,1.00,53.24,O
HETATM,861,O,HOH,A,153,-38.134,14.542,-15.979,1.00,49.74,O
HETATM,862,O,HOH,A,154,-38.207,20.203,9.146,1.00,53.33,O
HETATM,863,O,HOH,A,155,-32.650,6.043,-5.797,1.00,45.28,O
HETATM,864,O,HOH,A,156,-48.440,14.905,-3.052,1.00,27.93,O
HETATM,865,O,HOH,A,157,-34.307,16.006,-5.555,1.00,48.23,O
HETATM,866,O,HOH,A,158,-49.875,12.455,8.087,1.00,46.87,O
HETATM,867,O,HOH,A,159,-46.348,14.335,10.909,1.00,45.78,O
HETATM,868,O,HOH,A,160,-55.996,14.562,-4.013,1.00,49.34,O
HETATM,869,O,HOH,A,161,-55.787,14.399,-1.103,1.00,51.10,O
HETATM,870,O,HOH,A,162,-39.144,22.593,10.296,1.00,58.34,O
HETATM,871,O,HOH,A,163,-38.599,-6.154,-15.197,1.00,55.39,O
HETATM,872,O,HOH,A,164,-38.815,19.481,-12.222,1.00,45.42,O
HETATM,873,O,HOH,A,165,-50.766,21.956,8.710,1.00,54.34,O
HETATM,874,O,HOH,A,166,-55.989,-0.061,-11.879,1.00,47.37,O
HETATM,875,O,HOH,A,167,-31.949,11.093,1.905,1.00,47.93,O
HETATM,876,O,HOH,A,168,-43.679,26.168,-12.348,1.00,54.53,O
HETATM,877,O,HOH,A,169,-37.178,24.149,3.908,1.00,44.80,O
HETATM,878,O,HOH,A,170,-58.075,11.377,-14.608,1.00,48.30,O
HETATM,879,O,HOH,A,171,-39.674,20.502,-14.574,1.00,46.45,O
HETATM,880,O,HOH,A,172,-35.733,-4.605,-8.920,1.00,40.73,O
HETATM,881,O,HOH,A,173,-38.979,7.599,8.466,1.00,43.49,O
HETATM,882,O,HOH,A,174,-33.402,1.857,-11.363,1.00,50.19,O
HETATM,883,O,HOH,A,175,-46.611,25.230,-14.477,1.00,36.94,O
HETATM,884,O,HOH,A,176,-30.259,4.726,-8.542,1.00,55.84,O
HETATM,885,O,HOH,A,177,-32.278,10.557,-1.953,1.00,42.16,O
HETATM,886,O,HOH,A,178,-37.840,7.402,6.225,1.00,40.89,O
HETATM,887,O,HOH,A,179,-34.142,4.632,5.029,1.00,47.64,O
HETATM,888,O,HOH,A,180,-36.441,5.046,6.187,1.00,37.82,O
HETATM,889,O,HOH,A,181,-58.908,9.359,-12.503,1.00,43.53,O
HETATM,890,O,HOH,A,182,-39.237,7.374,3.803,1.00,42.85,O
HETATM,891,O,HOH,A,183,-56.530,2.398,-10.194,1.00,47.41,O
HETATM,892,O,HOH,A,184,-30.880,6.242,8.109,1.00,59.85,O
HETATM,893,O,HOH,A,185,-46.938,17.089,12.271,1.00,60.50,O
HETATM,894,O,HOH,A,186,-54.910,15.890,2.727,1.00,47.40,O
HETATM,895,O,HOH,A,187,-54.222,20.125,1.358,1.00,32.37,O
HETATM,896,O,HOH,A,188,-54.495,18.411,-0.614,1.00,38.82,O
HETATM,897,O,HOH,A,189,-55.444,18.600,-2.862,1.00,42.02,O
HETATM,898,O,HOH,A,190,-48.008,14.072,-15.844,1.00,27.20,O
HETATM,899,O,HOH,A,191,-43.157,14.550,-16.419,1.00,42.87,O
HETATM,900,O,HOH,A,192,-48.621,11.447,-14.847,1.00,27.10,O
